match_id,front_end_id,kick_off_time,defined_pools,refund_pools,payout_refund_pools,tournament_code,tournament_name_en,tournament_name_ch,home_team_id,home_team_name_en,home_team_name_ch,away_team_id,away_team_name_en,away_team_name_ch,HT_home_goals,HT_away_goals,HT_total_goals,FT_home_goals,FT_away_goals,FT_total_goals,HT_home_corners,HT_away_corners,HT_total_corners,FT_home_corners,FT_away_corners,FT_total_corners
50060631,FB2757,2026-01-29 04:00:00+08:00,"['HIL', 'OOE', 'HFT', 'TTG', 'LGS', 'CHL', 'FCH', 'FHA', 'FGS', 'HHA', 'FCS', 'FHL', 'CRS', 'HAD', 'FTS', 'AGS', 'HDC']",['LGS'],"['HIL', 'OOE', 'HFT', 'TTG', 'LGS', 'CHL', 'FCH', 'FHA', 'FGS', 'HHA', 'FCS', 'FHL', 'CRS', 'HAD', 'FTS', 'AGS', 'HDC']",UCL,UE Champions,歐洲聯賽冠軍盃,50000449,Benfica,賓菲加,50002589,Real Madrid,皇家馬德里,2,1,3,4,2,6,5.0,1.0,6.0,6.0,5.0,11.0
50060535,FB2624,2026-01-25 04:00:00+08:00,"['FCS', 'SGA', 'NTS', 'SGA', 'FGS', 'SGA', 'HHA', 'SGA', 'LGS', 'FCH', 'SGA', 'SGA', 'CHD', 'NTS', 'SGA', 'SGA', 'HDC', 'SGA', 'HAD', 'SGA', 'FTS', 'CRS', 'HIL', 'SGA', 'FHH', 'SGA', 'SGA', 'SGA', 'CHL', 'TTG', 'SGA', 'FHC', 'HFT', 'FHA', 'SGA', 'SGA', 'SGA', 'AGS', 'OOE', 'SGA', 'SGA', 'FHL']",[],"['FCS', 'SGA', 'NTS', 'FGS', 'HHA', 'LGS', 'FCH', 'CHD', 'HDC', 'HAD', 'FTS', 'CRS', 'HIL', 'FHH', 'CHL', 'TTG', 'FHC', 'HFT', 'FHA', 'AGS', 'OOE', 'FHL']",SFL,Spanish Division 1,西班牙甲組聯賽,50003323,Villarreal,維拉利爾,50002589,Real Madrid,皇家馬德里,0,0,0,0,2,2,4.0,2.0,6.0,6.0,6.0,12.0
50058963,FB2425,2026-01-21 04:00:00+08:00,"['SGA', 'SGA', 'HAD', 'LGS', 'SGA', 'NTS', 'SGA', 'NTS', 'FTS', 'SGA', 'SGA', 'HFT', 'SGA', 'TTG', 'MSP', 'SGA', 'CRS', 'SGA', 'HDC', 'NTS', 'MSP', 'MSP', 'SGA', 'NTS', 'SGA', 'OOE', 'CHL', 'SGA', 'NTS', 'SGA', 'FCS', 'CHD', 'SGA', 'MSP', 'SGA', 'FHH', 'FGS', 'FHL', 'SGA', 'NTS', 'HIL', 'SGA', 'MSP', 'FHC', 'NTS', 'SGA', 'SGA', 'NTS', 'HHA', 'FCH', 'FHA', 'AGS', 'SGA']",[],"['SGA', 'HAD', 'LGS', 'NTS', 'FTS', 'HFT', 'TTG', 'MSP', 'CRS', 'HDC', 'OOE', 'CHL', 'FCS', 'CHD', 'FHH', 'FGS', 'FHL', 'HIL', 'FHC', 'HHA', 'FCH', 'FHA', 'AGS']",UCL,UE Champions,歐洲聯賽冠軍盃,50002589,Real Madrid,皇家馬德里,50002140,Monaco,摩納哥,2,0,2,6,1,7,3.0,3.0,6.0,10.0,6.0,16.0
50060131,FB2317,2026-01-17 21:00:00+08:00,"['SGA', 'SGA', 'LGS', 'CHL', 'HFT', 'CHD', 'SGA', 'SGA', 'FHA', 'HAD', 'FCH', 'NTS', 'SGA', 'SGA', 'FHL', 'SGA', 'SGA', 'SGA', 'CRS', 'FCS', 'SGA', 'FHH', 'FTS', 'HDC', 'TTG', 'SGA', 'FHC', 'SGA', 'FGS', 'SGA', 'SGA', 'HHA', 'SGA', 'SGA', 'SGA', 'NTS', 'OOE', 'SGA', 'NTS', 'SGA', 'HIL', 'AGS', 'SGA']",[],"['SGA', 'LGS', 'CHL', 'HFT', 'CHD', 'FHA', 'HAD', 'FCH', 'NTS', 'FHL', 'CRS', 'FCS', 'FHH', 'FTS', 'HDC', 'TTG', 'FHC', 'FGS', 'HHA', 'OOE', 'HIL', 'AGS']",SFL,Spanish Division 1,西班牙甲組聯賽,50002589,Real Madrid,皇家馬德里,50001900,Levante,利雲特,0,0,0,2,0,2,2.0,0.0,2.0,8.0,0.0,8.0
50060276,FB2157,2026-01-15 04:00:00+08:00,"['TTG', 'LGS', 'FHA', 'HHA', 'FCS', 'HIL', 'FTS', 'CRS', 'AGS', 'HAD', 'HDC', 'OOE', 'HFT', 'FHL', 'FGS']",[],"['TTG', 'LGS', 'FHA', 'HHA', 'FCS', 'HIL', 'FTS', 'CRS', 'AGS', 'HAD', 'HDC', 'OOE', 'HFT', 'FHL', 'FGS']",SFC,Spanish Cup,西班牙盃,50000121,Albacete,阿爾巴塞特,50002589,Real Madrid,皇家馬德里,1,1,2,3,2,5,,,,,,
50060271,FB2018,2026-01-12 03:00:00+08:00,"['FHC', 'NTS', 'HIL', 'NTS', 'SGA', 'SGA', 'SGA', 'HHA', 'SGA', 'SGA', 'TTG', 'NTS', 'SGA', 'SGA', 'SGA', 'FHL', 'SGA', 'CHD', 'FTS', 'NTS', 'HAD', 'SGA', 'NTS', 'NTS', 'HFT', 'FCH', 'SGA', 'FHA', 'SGA', 'CHL', 'SGA', 'SGA', 'SGA', 'SGA', 'OOE', 'CRS', 'FCS', 'SGA', 'SGA', 'SGA', 'FHH', 'HDC', 'SGA']",[],"['FHC', 'NTS', 'HIL', 'SGA', 'HHA', 'TTG', 'FHL', 'CHD', 'FTS', 'HAD', 'HFT', 'FCH', 'FHA', 'CHL', 'OOE', 'CRS', 'FCS', 'FHH', 'HDC']",SSC,Spanish Super Cup,西班牙超級盃,50000369,Barcelona,巴塞隆拿,50002589,Real Madrid,皇家馬德里,2,2,4,3,2,5,4.0,3.0,7.0,5.0,6.0,11.0
50059731,FB1882,2026-01-09 03:00:00+08:00,"['SGA', 'HHA', 'SGA', 'LGS', 'NTS', 'FCH', 'MSP', 'FGS', 'SGA', 'SGA', 'MSP', 'AGS', 'SGA', 'HDC', 'NTS', 'HAD', 'FTS', 'SGA', 'CHL', 'MSP', 'FHC', 'OOE', 'NTS', 'SGA', 'TTG', 'FHL', 'FHH', 'MSP', 'SGA', 'NTS', 'SGA', 'SGA', 'CHD', 'CRS', 'SGA', 'FCS', 'SGA', 'MSP', 'SGA', 'HFT', 'FHA', 'SGA', 'SGA', 'SGA', 'SGA', 'SGA', 'SGA', 'SGA', 'HIL']",[],"['SGA', 'HHA', 'LGS', 'NTS', 'FCH', 'MSP', 'FGS', 'AGS', 'HDC', 'HAD', 'FTS', 'CHL', 'FHC', 'OOE', 'TTG', 'FHL', 'FHH', 'CHD', 'CRS', 'FCS', 'HFT', 'FHA', 'HIL']",SSC,Spanish Super Cup,西班牙超級盃,50000267,Atletico Madrid,馬德里體育會,50002589,Real Madrid,皇家馬德里,0,1,1,1,2,3,4.0,0.0,4.0,9.0,1.0,10.0
50059173,FB1716,2026-01-04 23:15:00+08:00,"['NTS', 'LGS', 'SGA', 'FHL', 'SGA', 'CHD', 'SGA', 'SGA', 'FCS', 'HAD', 'FTS', 'SGA', 'TTG', 'SGA', 'SGA', 'NTS', 'FHC', 'SGA', 'OOE', 'HHA', 'SGA', 'NTS', 'NTS', 'FGS', 'NTS', 'SGA', 'SGA', 'CRS', 'FHH', 'NTS', 'HIL', 'SGA', 'SGA', 'SGA', 'SGA', 'AGS', 'HDC', 'CHL', 'SGA', 'SGA', 'HFT', 'SGA', 'SGA', 'FCH', 'FHA', 'SGA']",[],"['NTS', 'LGS', 'SGA', 'FHL', 'CHD', 'FCS', 'HAD', 'FTS', 'TTG', 'FHC', 'OOE', 'HHA', 'FGS', 'CRS', 'FHH', 'HIL', 'AGS', 'HDC', 'CHL', 'HFT', 'FCH', 'FHA']",SFL,Spanish Division 1,西班牙甲組聯賽,50002589,Real Madrid,皇家馬德里,50000462,Betis,貝迪斯,1,0,1,5,1,6,3.0,4.0,7.0,5.0,8.0,13.0
50062755,FB4636,2026-03-03 04:00:00+08:00,"['SGA', 'LGS', 'FCH', 'SGA', 'CHD', 'SGA', 'SGA', 'SGA', 'SGA', 'FHA', 'HHA', 'CHL', 'SGA', 'OOE', 'FGS', 'SGA', 'SGA', 'HIL', 'HFT', 'SGA', 'SGA', 'AGS', 'SGA', 'TTG', 'SGA', 'SGA', 'SGA', 'CRS', 'SGA', 'SGA', 'FHC', 'SGA', 'HAD', 'SGA', 'FHL', 'SGA', 'FCS', 'FTS', 'NTS', 'HDC', 'FHH']",[],"['SGA', 'LGS', 'FCH', 'CHD', 'FHA', 'HHA', 'CHL', 'OOE', 'FGS', 'HIL', 'HFT', 'AGS', 'TTG', 'CRS', 'FHC', 'HAD', 'FHL', 'FCS', 'FTS', 'NTS', 'HDC', 'FHH']",SFL,Spanish Division 1,西班牙甲組聯賽,50002589,Real Madrid,皇家馬德里,50001393,Getafe,基達菲,0,1,1,0,1,1,4.0,1.0,5.0,10.0,2.0,12.0
50062427,FB4408,2026-02-26 04:00:00+08:00,"['HIL', 'SGA', 'SGA', 'SGA', 'SGA', 'NTS', 'FCS', 'AGS', 'NTS', 'CRS', 'MSP', 'FHC', 'SGA', 'SGA', 'SGA', 'NTS', 'SGA', 'HFT', 'NGS', 'CHD', 'NGS', 'MSP', 'FHA', 'SGA', 'HHA', 'SGA', 'TTG', 'SGA', 'SGA', 'SGA', 'SGA', 'NGS', 'NTS', 'SGA', 'FGS', 'HAD', 'MSP', 'SGA', 'HDC', 'SGA', 'FCH', 'OOE', 'LGS', 'CHL', 'FTS', 'MSP', 'SGA', 'FHH', 'FHL', 'SGA', 'NGS', 'SGA']","['SGA', 'MSP']","['HIL', 'SGA', 'NTS', 'FCS', 'AGS', 'CRS', 'MSP', 'FHC', 'HFT', 'NGS', 'CHD', 'FHA', 'HHA', 'TTG', 'FGS', 'HAD', 'HDC', 'FCH', 'OOE', 'LGS', 'CHL', 'FTS', 'FHH', 'FHL']",UCL,UE Champions,歐洲聯賽冠軍盃,50002589,Real Madrid,皇家馬德里,50000449,Benfica,賓菲加,1,1,2,2,1,3,2.0,3.0,5.0,4.0,7.0,11.0
50062300,FB4179,2026-02-22 01:30:00+08:00,"['SGA', 'SGA', 'NTS', 'NTS', 'TTG', 'SGA', 'HDC', 'CRS', 'SGA', 'SGA', 'NGS', 'FHL', 'SGA', 'FHC', 'OOE', 'AGS', 'FGS', 'CHL', 'NTS', 'SGA', 'HFT', 'SGA', 'HIL', 'SGA', 'CHD', 'FCH', 'LGS', 'SGA', 'FHA', 'SGA', 'SGA', 'HHA', 'SGA', 'SGA', 'SGA', 'FTS', 'HAD', 'SGA', 'SGA', 'FHH', 'SGA', 'SGA', 'FCS', 'NGS', 'SGA', 'NGS']",[],"['SGA', 'NTS', 'TTG', 'HDC', 'CRS', 'NGS', 'FHL', 'FHC', 'OOE', 'AGS', 'FGS', 'CHL', 'HFT', 'HIL', 'CHD', 'FCH', 'LGS', 'FHA', 'HHA', 'FTS', 'HAD', 'FHH', 'FCS']",SFL,Spanish Division 1,西班牙甲組聯賽,50002357,Osasuna,奧沙辛拿,50002589,Real Madrid,皇家馬德里,1,0,1,2,1,3,2.0,5.0,7.0,3.0,7.0,10.0
50061594,FB3955,2026-02-18 04:00:00+08:00,"['MSP', 'SGA', 'FTS', 'SGA', 'HAD', 'SGA', 'SGA', 'SGA', 'SGA', 'TTG', 'LGS', 'MSP', 'SGA', 'NGS', 'NTS', 'SGA', 'HDC', 'SGA', 'SGA', 'SGA', 'SGA', 'CHL', 'SGA', 'OOE', 'NGS', 'SGA', 'FCH', 'FGS', 'FCS', 'SGA', 'SGA', 'FHC', 'CRS', 'FHL', 'MSP', 'AGS', 'FHH', 'HIL', 'HFT', 'SGA', 'SGA', 'NTS', 'SGA', 'SGA', 'FHA', 'HHA', 'CHD', 'MSP']",[],"['MSP', 'SGA', 'FTS', 'HAD', 'TTG', 'LGS', 'NGS', 'NTS', 'HDC', 'CHL', 'OOE', 'FCH', 'FGS', 'FCS', 'FHC', 'CRS', 'FHL', 'AGS', 'FHH', 'HIL', 'HFT', 'FHA', 'HHA', 'CHD']",UCL,UE Champions,歐洲聯賽冠軍盃,50000449,Benfica,賓菲加,50002589,Real Madrid,皇家馬德里,0,0,0,0,1,1,1.0,3.0,4.0,3.0,6.0,9.0
50061692,FB3712,2026-02-15 04:00:00+08:00,"['TTG', 'SGA', 'HHA', 'NTS', 'NTS', 'SGA', 'SGA', 'FHC', 'CHD', 'HAD', 'MSP', 'NGS', 'SGA', 'FTS', 'HFT', 'SGA', 'NGS', 'NGS', 'FHA', 'SGA', 'NGS', 'NGS', 'SGA', 'SGA', 'SGA', 'SGA', 'NTS', 'FHH', 'SGA', 'HIL', 'CRS', 'SGA', 'NTS', 'MSP', 'FHL', 'FCH', 'MSP', 'FCS', 'SGA', 'SGA', 'SGA', 'CHL', 'LGS', 'SGA', 'NGS', 'SGA', 'NTS', 'NTS', 'MSP', 'OOE', 'FGS', 'SGA', 'SGA', 'HDC', 'AGS', 'SGA']","['MSP', 'SGA']","['TTG', 'SGA', 'HHA', 'NTS', 'FHC', 'CHD', 'HAD', 'MSP', 'NGS', 'FTS', 'HFT', 'FHA', 'FHH', 'HIL', 'CRS', 'FHL', 'FCH', 'FCS', 'CHL', 'LGS', 'OOE', 'FGS', 'HDC', 'AGS']",SFL,Spanish Division 1,西班牙甲組聯賽,50002589,Real Madrid,皇家馬德里,50002610,Real Sociedad,皇家蘇斯達,3,1,4,4,1,5,2.0,1.0,3.0,4.0,6.0,10.0
50061314,FB3325,2026-02-09 04:00:00+08:00,"['FCS', 'FTS', 'NGS', 'SGA', 'SGA', 'CHL', 'LGS', 'FGS', 'SGA', 'FCH', 'NTS', 'CHD', 'SGA', 'FHH', 'HFT', 'SGA', 'SGA', 'SGA', 'SGA', 'FHA', 'SGA', 'SGA', 'SGA', 'OOE', 'SGA', 'HIL', 'SGA', 'NGS', 'FHC', 'HDC', 'AGS', 'SGA', 'SGA', 'SGA', 'NTS', 'TTG', 'SGA', 'HHA', 'SGA', 'SGA', 'HAD', 'CRS', 'FHL', 'SGA']",[],"['FCS', 'FTS', 'NGS', 'SGA', 'CHL', 'LGS', 'FGS', 'FCH', 'NTS', 'CHD', 'FHH', 'HFT', 'FHA', 'OOE', 'HIL', 'FHC', 'HDC', 'AGS', 'TTG', 'HHA', 'HAD', 'CRS', 'FHL']",SFL,Spanish Division 1,西班牙甲組聯賽,50003258,Valencia,華倫西亞,50002589,Real Madrid,皇家馬德里,0,0,0,0,2,2,5.0,5.0,10.0,5.0,8.0,13.0
50060792,FB2946,2026-02-01 21:00:00+08:00,"['HFT', 'SGA', 'SGA', 'CHD', 'HIL', 'FGS', 'LGS', 'OOE', 'SGA', 'HHA', 'SGA', 'FCH', 'FHH', 'SGA', 'SGA', 'FCS', 'FHL', 'SGA', 'SGA', 'FTS', 'HAD', 'SGA', 'NTS', 'SGA', 'SGA', 'SGA', 'SGA', 'NTS', 'CHL', 'CRS', 'SGA', 'NTS', 'FHA', 'SGA', 'SGA', 'FHC', 'SGA', 'HDC', 'SGA', 'SGA', 'AGS', 'SGA', 'TTG']",[],"['HFT', 'SGA', 'CHD', 'HIL', 'FGS', 'LGS', 'OOE', 'HHA', 'FCH', 'FHH', 'FCS', 'FHL', 'FTS', 'HAD', 'NTS', 'CHL', 'CRS', 'FHA', 'FHC', 'HDC', 'AGS', 'TTG']",SFL,Spanish Division 1,西班牙甲組聯賽,50002589,Real Madrid,皇家馬德里,50003262,Vallecano,華歷簡奴,1,0,1,2,1,3,4.0,2.0,6.0,9.0,4.0,13.0
50064398,FB5915,2026-03-23 04:00:00+08:00,"['LGS', 'FCH', 'NGS', 'FGS', 'SGA', 'SGA', 'FCS', 'SGA', 'NTS', 'SGA', 'NTS', 'NGS', 'CHL', 'SGA', 'SGA', 'FHH', 'SGA', 'NTS', 'TTG', 'SGA', 'SGA', 'NTS', 'SGA', 'NGS', 'SGA', 'SGA', 'AGS', 'NGS', 'FHC', 'SGA', 'OOE', 'NTS', 'FHL', 'FHA', 'HFT', 'CHD', 'SGA', 'HAD', 'NGS', 'NGS', 'FTS', 'SGA', 'CRS', 'HDC', 'HIL', 'SGA', 'SGA', 'HHA', 'SGA', 'SGA', 'SGA', 'NTS']",[],"['LGS', 'FCH', 'NGS', 'FGS', 'SGA', 'FCS', 'NTS', 'CHL', 'FHH', 'TTG', 'AGS', 'FHC', 'OOE', 'FHL', 'FHA', 'HFT', 'CHD', 'HAD', 'FTS', 'CRS', 'HDC', 'HIL', 'HHA']",SFL,Spanish Division 1,西班牙甲組聯賽,50002589,Real Madrid,皇家馬德里,50000267,Atletico Madrid,馬德里體育會,0,1,1,3,2,5,3.0,0.0,3.0,4.0,1.0,5.0
50064263,FB5731,2026-03-18 04:00:00+08:00,"['SGA', 'NTS', 'CRS', 'MSP', 'HFT', 'SGA', 'MSP', 'SGA', 'SGA', 'FHA', 'MSP', 'SGA', 'MSP', 'FHL', 'NTS', 'LGS', 'CHD', 'SGA', 'SGA', 'FCS', 'HIL', 'MSP', 'OOE', 'SGA', 'SGA', 'FHC', 'NGS', 'SGA', 'FHH', 'AGS', 'SGA', 'HDC', 'MSP', 'FCH', 'SGA', 'CHL', 'SGA', 'SGA', 'SGA', 'SGA', 'FGS', 'SGA', 'SGA', 'HAD', 'FTS', 'SGA', 'NGS', 'NTS', 'NGS', 'TTG', 'SGA', 'HHA']",['MSP'],"['SGA', 'NTS', 'CRS', 'MSP', 'HFT', 'FHA', 'FHL', 'LGS', 'CHD', 'FCS', 'HIL', 'OOE', 'FHC', 'NGS', 'FHH', 'AGS', 'HDC', 'FCH', 'CHL', 'FGS', 'HAD', 'FTS', 'TTG', 'HHA']",UCL,UE Champions,歐洲聯賽冠軍盃,50002023,Manchester City,曼城,50002589,Real Madrid,皇家馬德里,1,1,2,1,2,3,4.0,3.0,7.0,9.0,6.0,15.0
50064015,FB5468,2026-03-15 04:00:00+08:00,"['SGA', 'SGA', 'HAD', 'FTS', 'HFT', 'CHD', 'NTS', 'HHA', 'SGA', 'NGS', 'FHC', 'SGA', 'NTS', 'SGA', 'SGA', 'SGA', 'HIL', 'SGA', 'FHA', 'FHH', 'CRS', 'SGA', 'NTS', 'SGA', 'FCH', 'NGS', 'SGA', 'SGA', 'FGS', 'FCS', 'CHL', 'LGS', 'AGS', 'SGA', 'SGA', 'SGA', 'SGA', 'FHL', 'SGA', 'NTS', 'NTS', 'SGA', 'NTS', 'HDC', 'SGA', 'NGS', 'TTG', 'SGA', 'OOE']",[],"['SGA', 'HAD', 'FTS', 'HFT', 'CHD', 'NTS', 'HHA', 'NGS', 'FHC', 'HIL', 'FHA', 'FHH', 'CRS', 'FCH', 'FGS', 'FCS', 'CHL', 'LGS', 'AGS', 'FHL', 'HDC', 'TTG', 'OOE']",SFL,Spanish Division 1,西班牙甲組聯賽,50002589,Real Madrid,皇家馬德里,50000629,CF Elche,艾爾切,2,0,2,4,1,5,3.0,1.0,4.0,5.0,4.0,9.0
50063852,FB5260,2026-03-12 04:00:00+08:00,"['SGA', 'FCS', 'SGA', 'NTS', 'SGA', 'SGA', 'NTS', 'SGA', 'SGA', 'OOE', 'NTS', 'NGS', 'CHL', 'SGA', 'LGS', 'FCH', 'NGS', 'SGA', 'MSP', 'MSP', 'HIL', 'FHH', 'SGA', 'SGA', 'CRS', 'HFT', 'SGA', 'MSP', 'MSP', 'FHL', 'SGA', 'SGA', 'SGA', 'CHD', 'HHA', 'MSP', 'FTS', 'HAD', 'FHC', 'SGA', 'SGA', 'FHA', 'NTS', 'HDC', 'SGA', 'NGS', 'AGS', 'SGA', 'SGA', 'TTG', 'SGA', 'FGS']",[],"['SGA', 'FCS', 'NTS', 'OOE', 'NGS', 'CHL', 'LGS', 'FCH', 'MSP', 'HIL', 'FHH', 'CRS', 'HFT', 'FHL', 'CHD', 'HHA', 'FTS', 'HAD', 'FHC', 'FHA', 'HDC', 'AGS', 'TTG', 'FGS']",UCL,UE Champions,歐洲聯賽冠軍盃,50002589,Real Madrid,皇家馬德里,50002023,Manchester City,曼城,3,0,3,3,0,3,1.0,3.0,4.0,1.0,10.0,11.0
50063542,FB4975,2026-03-07 04:00:00+08:00,"['OOE', 'SGA', 'SGA', 'FHH', 'HDC', 'FHA', 'SGA', 'SGA', 'SGA', 'NTS', 'CHL', 'CRS', 'SGA', 'LGS', 'SGA', 'FCH', 'FCS', 'SGA', 'SGA', 'FHL', 'SGA', 'NTS', 'FGS', 'HAD', 'SGA', 'FTS', 'SGA', 'HHA', 'SGA', 'SGA', 'CHD', 'SGA', 'NTS', 'FHC', 'SGA', 'TTG', 'AGS', 'SGA', 'SGA', 'SGA', 'SGA', 'HIL', 'HFT']",[],"['OOE', 'SGA', 'FHH', 'HDC', 'FHA', 'NTS', 'CHL', 'CRS', 'LGS', 'FCH', 'FCS', 'FHL', 'FGS', 'HAD', 'FTS', 'HHA', 'CHD', 'FHC', 'TTG', 'AGS', 'HIL', 'HFT']",SFL,Spanish Division 1,西班牙甲組聯賽,50000694,Celta Vigo,切爾達,50002589,Real Madrid,皇家馬德里,1,1,2,1,2,3,0.0,1.0,1.0,1.0,6.0,7.0
50067699,FB8606,2026-05-04 03:00:00+08:00,"['FHH', 'SGA', 'SGA', 'AGS', 'HIL', 'OOE', 'SGA', 'NTS', 'CRS', 'SGA', 'NGS', 'NGS', 'SGA', 'SGA', 'SGA', 'NTS', 'HFT', 'NGS', 'SGA', 'CHD', 'SGA', 'SGA', 'TTG', 'FGS', 'SGA', 'SGA', 'NTS', 'FTS', 'SGA', 'SGA', 'SGA', 'HHA', 'FCS', 'FHL', 'SGA', 'HAD', 'SGA', 'FHA', 'FHC', 'HDC', 'SGA', 'SGA', 'SGA', 'CHL', 'FCH', 'LGS']",[],"['FHH', 'SGA', 'AGS', 'HIL', 'OOE', 'NTS', 'CRS', 'NGS', 'HFT', 'CHD', 'TTG', 'FGS', 'FTS', 'HHA', 'FCS', 'FHL', 'HAD', 'FHA', 'FHC', 'HDC', 'CHL', 'FCH', 'LGS']",SFL,Spanish Division 1,西班牙甲組聯賽,50001118,Espanyol,愛斯賓奴,50002589,Real Madrid,皇家馬德里,0,0,0,0,2,2,3.0,3.0,6.0,5.0,6.0,11.0
50067036,FB8082,2026-04-25 03:00:00+08:00,"['SGA', 'SGA', 'NTS', 'LGS', 'FCH', 'FGS', 'HAD', 'SGA', 'FTS', 'FCS', 'SGA', 'SGA', 'HFT', 'SGA', 'CHD', 'SGA', 'SGA', 'CHL', 'FHA', 'SGA', 'NGS', 'OOE', 'SGA', 'CRS', 'SGA', 'SGA', 'SGA', 'AGS', 'HDC', 'FHH', 'HIL', 'SGA', 'SGA', 'SGA', 'TTG', 'NGS', 'SGA', 'SGA', 'SGA', 'HHA', 'FHC', 'FHL', 'SGA', 'NTS']",[],"['SGA', 'NTS', 'LGS', 'FCH', 'FGS', 'HAD', 'FTS', 'FCS', 'HFT', 'CHD', 'CHL', 'FHA', 'NGS', 'OOE', 'CRS', 'AGS', 'HDC', 'FHH', 'HIL', 'TTG', 'HHA', 'FHC', 'FHL']",SFL,Spanish Division 1,西班牙甲組聯賽,50000462,Betis,貝迪斯,50002589,Real Madrid,皇家馬德里,0,1,1,1,1,2,2.0,4.0,6.0,7.0,6.0,13.0
50066772,FB7951,2026-04-22 03:30:00+08:00,"['SGA', 'FCS', 'SGA', 'FCH', 'SGA', 'HAD', 'FTS', 'LGS', 'SGA', 'CHL', 'CHD', 'NGS', 'SGA', 'FHH', 'SGA', 'SGA', 'FHA', 'NGS', 'SGA', 'SGA', 'HHA', 'OOE', 'SGA', 'FHC', 'HIL', 'NTS', 'NTS', 'CRS', 'AGS', 'SGA', 'HDC', 'TTG', 'SGA', 'SGA', 'SGA', 'HFT', 'NGS', 'FGS', 'SGA', 'SGA', 'SGA', 'SGA', 'FHL', 'SGA', 'SGA', 'NTS']",[],"['SGA', 'FCS', 'FCH', 'HAD', 'FTS', 'LGS', 'CHL', 'CHD', 'NGS', 'FHH', 'FHA', 'HHA', 'OOE', 'FHC', 'HIL', 'NTS', 'CRS', 'AGS', 'HDC', 'TTG', 'HFT', 'FGS', 'FHL']",SFL,Spanish Division 1,西班牙甲組聯賽,50002589,Real Madrid,皇家馬德里,50000120,Alaves,艾拉維斯,1,0,1,2,1,3,5.0,2.0,7.0,9.0,6.0,15.0
50066799,FB7489,2026-04-16 03:00:00+08:00,"['SGA', 'NGS', 'FCH', 'SGA', 'CHL', 'FGS', 'LGS', 'NTS', 'AGS', 'SGA', 'SGA', 'OOE', 'SGA', 'SGA', 'FHL', 'NTS', 'SGA', 'SGA', 'MSP', 'HDC', 'SGA', 'NTS', 'MSP', 'TTG', 'MSP', 'FTS', 'SGA', 'MSP', 'SGA', 'MSP', 'NGS', 'HAD', 'SGA', 'SGA', 'NTS', 'FHA', 'MSP', 'CHD', 'HFT', 'NGS', 'HHA', 'NGS', 'HIL', 'SGA', 'SGA', 'NTS', 'NTS', 'SGA', 'SGA', 'FHC', 'NGS', 'NGS', 'SGA', 'FCS', 'FHH', 'SGA', 'SGA', 'NTS', 'CRS']",[],"['SGA', 'NGS', 'FCH', 'CHL', 'FGS', 'LGS', 'NTS', 'AGS', 'OOE', 'FHL', 'MSP', 'HDC', 'TTG', 'FTS', 'HAD', 'FHA', 'CHD', 'HFT', 'HHA', 'HIL', 'FHC', 'FCS', 'FHH', 'CRS']",UCL,UE Champions,歐洲聯賽冠軍盃,50000407,Bayern Munich,拜仁慕尼黑,50002589,Real Madrid,皇家馬德里,2,3,5,4,3,7,7.0,0.0,7.0,9.0,2.0,11.0
50065598,FB7144,2026-04-11 03:00:00+08:00,"['SGA', 'HDC', 'AGS', 'NGS', 'SGA', 'CRS', 'SGA', 'HIL', 'SGA', 'SGA', 'OOE', 'FHC', 'NTS', 'SGA', 'SGA', 'FCS', 'SGA', 'SGA', 'HHA', 'SGA', 'SGA', 'CHD', 'SGA', 'SGA', 'LGS', 'FTS', 'HAD', 'SGA', 'SGA', 'FGS', 'SGA', 'FHL', 'FCH', 'SGA', 'NGS', 'HFT', 'SGA', 'SGA', 'CHL', 'TTG', 'NTS', 'SGA', 'FHH', 'NGS', 'NTS', 'FHA']",[],"['SGA', 'HDC', 'AGS', 'NGS', 'CRS', 'HIL', 'OOE', 'FHC', 'NTS', 'FCS', 'HHA', 'CHD', 'LGS', 'FTS', 'HAD', 'FGS', 'FHL', 'FCH', 'HFT', 'CHL', 'TTG', 'FHH', 'FHA']",SFL,Spanish Division 1,西班牙甲組聯賽,50002589,Real Madrid,皇家馬德里,50001424,Girona,基羅納,0,0,0,1,1,2,5.0,0.0,5.0,10.0,1.0,11.0
50065337,FB7049,2026-04-08 03:00:00+08:00,"['FCS', 'NTS', 'FGS', 'LGS', 'SGA', 'SGA', 'NTS', 'MSP', 'NTS', 'SGA', 'OOE', 'MSP', 'FHL', 'SGA', 'SGA', 'FHA', 'NTS', 'FHH', 'MSP', 'MSP', 'SGA', 'SGA', 'HIL', 'FCH', 'SGA', 'MSP', 'NGS', 'SGA', 'CRS', 'NGS', 'HHA', 'MSP', 'SGA', 'TTG', 'SGA', 'CHD', 'HFT', 'FHC', 'FTS', 'NGS', 'SGA', 'SGA', 'SGA', 'SGA', 'AGS', 'NGS', 'CHL', 'SGA', 'SGA', 'HDC', 'SGA', 'HAD', 'SGA', 'SGA']",[],"['FCS', 'NTS', 'FGS', 'LGS', 'SGA', 'MSP', 'OOE', 'FHL', 'FHA', 'FHH', 'HIL', 'FCH', 'NGS', 'CRS', 'HHA', 'TTG', 'CHD', 'HFT', 'FHC', 'FTS', 'AGS', 'CHL', 'HDC', 'HAD']",UCL,UE Champions,歐洲聯賽冠軍盃,50002589,Real Madrid,皇家馬德里,50000407,Bayern Munich,拜仁慕尼黑,0,1,1,1,2,3,2.0,5.0,7.0,8.0,11.0,19.0
50065105,FB6754,2026-04-04 22:15:00+08:00,"['NTS', 'HFT', 'NTS', 'SGA', 'HAD', 'AGS', 'FTS', 'FHH', 'SGA', 'SGA', 'NGS', 'SGA', 'SGA', 'FCS', 'NTS', 'SGA', 'NTS', 'SGA', 'FHL', 'LGS', 'TTG', 'SGA', 'FGS', 'SGA', 'HHA', 'SGA', 'SGA', 'FHC', 'HIL', 'SGA', 'SGA', 'SGA', 'SGA', 'SGA', 'HDC', 'SGA', 'SGA', 'CRS', 'CHD', 'OOE', 'SGA', 'CHL', 'FCH', 'FHA', 'SGA', 'NGS']",[],"['NTS', 'HFT', 'SGA', 'HAD', 'AGS', 'FTS', 'FHH', 'NGS', 'FCS', 'FHL', 'LGS', 'TTG', 'FGS', 'HHA', 'FHC', 'HIL', 'HDC', 'CRS', 'CHD', 'OOE', 'CHL', 'FCH', 'FHA']",SFL,Spanish Division 1,西班牙甲組聯賽,50002016,Mallorca,馬略卡,50002589,Real Madrid,皇家馬德里,1,0,1,2,1,3,2.0,3.0,5.0,6.0,4.0,10.0
50069357,FB0130,2026-05-24 03:00:00+08:00,"['NGS', 'NGS', 'SGA', 'NTS', 'CRS', 'SGA', 'SGA', 'FCS', 'CFA', 'NGS', 'NTS', 'HIL', 'SGA', 'CHA', 'SGA', 'FCH', 'FHC', 'SGA', 'FHL', 'HDC', 'HHA', 'FLA', 'CHH', 'HFT', 'FHH', 'FLH', 'SGA', 'SGA', 'NGS', 'SGA', 'FHA', 'SGA', 'HLA', 'HLH', 'SGA', 'SGA', 'LGS', 'SGA', 'TTG', 'NTS', 'SGA', 'FTS', 'SGA', 'FGS', 'OOE', 'NGS', 'SGA', 'CHL', 'AGS', 'SGA', 'CHD', 'CFH', 'SGA', 'SGA', 'NTS', 'HAD', 'SGA', 'NTS']",[],"['NGS', 'SGA', 'NTS', 'CRS', 'FCS', 'CFA', 'HIL', 'CHA', 'FCH', 'FHC', 'FHL', 'HDC', 'HHA', 'FLA', 'CHH', 'HFT', 'FHH', 'FLH', 'FHA', 'HLA', 'HLH', 'LGS', 'TTG', 'FTS', 'FGS', 'OOE', 'CHL', 'AGS', 'CHD', 'CFH', 'HAD']",SFL,Spanish Division 1,西班牙甲組聯賽,50002589,Real Madrid,皇家馬德里,50000465,Bilbao,畢爾包,2,1,3,4,2,6,2.0,1.0,3.0,2.0,1.0,3.0
50068892,FB9816,2026-05-18 01:00:00+08:00,"['SGA', 'SGA', 'OOE', 'FTS', 'SGA', 'SGA', 'FLA', 'SGA', 'NTS', 'SGA', 'CFA', 'HHA', 'SGA', 'CFH', 'FHC', 'SGA', 'CHL', 'SGA', 'FLH', 'SGA', 'LGS', 'SGA', 'CHA', 'FCS', 'SGA', 'CHH', 'FHL', 'HLA', 'SGA', 'CRS', 'HDC', 'FCH', 'SGA', 'CHD', 'SGA', 'HIL', 'HLH', 'HFT', 'FHH', 'NGS', 'SGA', 'SGA', 'TTG', 'FHA', 'FGS', 'SGA', 'AGS', 'SGA', 'NGS', 'NTS', 'SGA', 'HAD']",[],"['SGA', 'OOE', 'FTS', 'FLA', 'NTS', 'CFA', 'HHA', 'CFH', 'FHC', 'CHL', 'FLH', 'LGS', 'CHA', 'FCS', 'CHH', 'FHL', 'HLA', 'CRS', 'HDC', 'FCH', 'CHD', 'HIL', 'HLH', 'HFT', 'FHH', 'NGS', 'TTG', 'FHA', 'FGS', 'AGS', 'HAD']",SFL,Spanish Division 1,西班牙甲組聯賽,50002804,Sevilla,西維爾,50002589,Real Madrid,皇家馬德里,0,1,1,0,1,1,2.0,3.0,5.0,4.0,4.0,8.0
50068544,FB9548,2026-05-15 03:30:00+08:00,"['HHA', 'AGS', 'SGA', 'FCS', 'CHA', 'FHC', 'SGA', 'SGA', 'FLH', 'SGA', 'OOE', 'NGS', 'CHL', 'CFH', 'NGS', 'SGA', 'FTS', 'SGA', 'HLA', 'FHL', 'SGA', 'CRS', 'HDC', 'FCH', 'HIL', 'HFT', 'SGA', 'SGA', 'SGA', 'CHH', 'FHH', 'SGA', 'FGS', 'FHA', 'SGA', 'SGA', 'SGA', 'LGS', 'SGA', 'HLH', 'CFA', 'NTS', 'NTS', 'SGA', 'NTS', 'CHD', 'FLA', 'SGA', 'HAD', 'SGA', 'SGA', 'TTG', 'SGA']",[],"['HHA', 'AGS', 'SGA', 'FCS', 'CHA', 'FHC', 'FLH', 'OOE', 'NGS', 'CHL', 'CFH', 'FTS', 'HLA', 'FHL', 'CRS', 'HDC', 'FCH', 'HIL', 'HFT', 'CHH', 'FHH', 'FGS', 'FHA', 'LGS', 'HLH', 'CFA', 'NTS', 'CHD', 'FLA', 'HAD', 'TTG']",SFL,Spanish Division 1,西班牙甲組聯賽,50002589,Real Madrid,皇家馬德里,50002367,Oviedo,奧維多,1,0,1,2,0,2,2.0,3.0,5.0,4.0,5.0,9.0
50068238,FB9213,2026-05-11 03:00:00+08:00,"['NGS', 'SGA', 'SGA', 'FTS', 'NTS', 'HFT', 'CFA', 'HAD', 'SGA', 'NTS', 'SGA', 'NGS', 'HHA', 'CFH', 'SGA', 'SGA', 'SGA', 'TTG', 'SGA', 'HDC', 'NGS', 'HLH', 'SGA', 'OOE', 'CHD', 'SGA', 'SGA', 'SGA', 'FLH', 'CHH', 'SGA', 'CHL', 'AGS', 'FHH', 'FGS', 'FHL', 'LGS', 'HLA', 'SGA', 'FHC', 'SGA', 'FLA', 'NTS', 'CHA', 'SGA', 'FCS', 'HIL', 'CRS', 'SGA', 'SGA', 'FCH', 'SGA', 'FHA', 'SGA']",[],"['NGS', 'SGA', 'FTS', 'NTS', 'HFT', 'CFA', 'HAD', 'HHA', 'CFH', 'TTG', 'HDC', 'HLH', 'OOE', 'CHD', 'FLH', 'CHH', 'CHL', 'AGS', 'FHH', 'FGS', 'FHL', 'LGS', 'HLA', 'FHC', 'FLA', 'CHA', 'FCS', 'HIL', 'CRS', 'FCH', 'FHA']",SFL,Spanish Division 1,西班牙甲組聯賽,50000369,Barcelona,巴塞隆拿,50002589,Real Madrid,皇家馬德里,2,0,2,2,0,2,1.0,4.0,5.0,4.0,8.0,12.0
